{"output/sdxl_long_context_generated": {"wuerstchen_long_context_generated conf": 0.4552204640652599, "sdxl_long_context_generated conf": 0.5447795359583137, "wuerstchen_long_context_generated pick ratio": 0.39192814650647384, "sdxl_long_context_generated pick ratio": 0.6080718534935262}, "output/sd14_long_context_generated": {"wuerstchen_long_context_generated conf": 0.6403744739060879, "sd14_long_context_generated conf": 0.3596255260101821, "wuerstchen_long_context_generated pick ratio": 0.7991368249154321, "sd14_long_context_generated pick ratio": 0.20086317508456783}, "output/sd21_long_context_generated": {"wuerstchen_long_context_generated conf": 0.5880452550049912, "sd21_long_context_generated conf": 0.41195474568741725, "wuerstchen_long_context_generated pick ratio": 0.6996383996267351, "sd21_long_context_generated pick ratio": 0.3003616003732649}, "output/ldm14_long_context_generated": {"wuerstchen_long_context_generated conf": 0.8291587933913616, "ldm14_long_context_generated conf": 0.17084120646685022, "wuerstchen_long_context_generated pick ratio": 0.9655896418989852, "ldm14_long_context_generated pick ratio": 0.03441035810101482}}