{"output/sd14_generated": {"wuerstchen_generated conf": 0.6396850354027497, "sd14_generated conf": 0.3603149649088453, "wuerstchen_generated pick ratio": 0.779507868765004, "sd14_generated pick ratio": 0.220492131234996}, "output/ldm14_generated": {"wuerstchen_generated conf": 0.9245269524266908, "ldm14_generated conf": 0.07547304763785123, "wuerstchen_generated pick ratio": 0.9961989863963724, "ldm14_generated pick ratio": 0.003801013603627634}, "output/sdxl_generated": {"wuerstchen_generated conf": 0.44962788188960934, "sdxl_generated conf": 0.5503721183002293, "wuerstchen_generated pick ratio": 0.39437183248866364, "sdxl_generated pick ratio": 0.6056281675113363}, "output/sd21_generated": {"wuerstchen_generated conf": 0.565628966575868, "sd21_generated conf": 0.43437103357717355, "wuerstchen_generated pick ratio": 0.6444051747132569, "sd21_generated pick ratio": 0.35559482528674313}, "output/GALIP_generated": {"wuerstchen_generated conf": 0.8460411205540008, "GALIP_generated conf": 0.15395887943359185, "wuerstchen_generated pick ratio": 0.9818284875966925, "GALIP_generated pick ratio": 0.018171512403307548}}